{"cameraMode":{"drawMode":0,"name":"Shaded","section":"Shading Mode"},"sceneLighting":false,"audioPlay":false,"sceneViewState":{"m_AlwaysRefresh":false,"showFog":true,"showSkybox":false,"showFlares":true,"showImageEffects":true,"showParticleSystems":true,"showVisualEffectGraphs":true,"m_FxEnabled":true},"in2DMode":false,"pivot":{"x":0.5490137338638306,"y":-0.6367884874343872,"z":-2.7407634258270265},"rotation":{"x":-0.004237109795212746,"y":-0.993728518486023,"z":0.10503918677568436,"w":-0.04086219146847725},"size":2.2178964614868166,"orthographic":false}