{"cameraMode":{"drawMode":0,"name":"Shaded","section":"Shading Mode"},"sceneLighting":true,"audioPlay":false,"sceneViewState":{"m_AlwaysRefresh":false,"showFog":true,"showSkybox":true,"showFlares":true,"showImageEffects":true,"showParticleSystems":true,"showVisualEffectGraphs":true,"m_FxEnabled":false},"in2DMode":false,"pivot":{"x":-20.189924240112306,"y":-5.770920276641846,"z":-5.1582183837890629},"rotation":{"x":0.16870179772377015,"y":-0.1440906524658203,"z":0.025016048923134805,"w":0.9752094149589539},"size":13.014140129089356,"orthographic":false}